timestamp,symbol,type,price
2025-02-01 16:52:03.849818,BTCUSDT,SELL,101899.9
2025-02-01 16:52:08.933975,BTCUSDT,SELL,101899.9
2025-02-01 16:52:09.955808,BTCUSDT,SELL,101907.1
2025-02-01 16:52:11.060949,ETHUSDT,SELL,3244.42
2025-02-01 16:52:14.937677,BNBUSDT,SELL,669.43
2025-02-01 16:52:16.451053,BNBUSDT,SELL,669.5
2025-02-01 16:52:17.931474,ADAUSDT,SELL,0.9257
2025-02-01 16:52:20.838245,XRPUSDT,SELL,2.9772
2025-02-01 16:52:22.240761,XRPUSDT,SELL,2.9771
2025-02-01 16:52:22.996691,XRPUSDT,SELL,2.9772
2025-02-01 16:52:23.771601,SOLUSDT,SELL,227.18
2025-02-01 16:52:26.787750,DOGEUSDT,SELL,0.32205
2025-02-01 16:52:29.842774,DOTUSDT,SELL,6.271
2025-02-01 16:52:32.816684,LINKUSDT,SELL,24.538
2025-02-01 16:52:33.584447,LINKUSDT,SELL,24.538
2025-02-01 16:52:36.732537,LTCUSDT,SELL,122.59
2025-02-01 16:52:37.439099,LTCUSDT,SELL,122.59
2025-02-01 16:52:39.184366,BCHUSDT,SELL,419.34
2025-02-01 16:52:39.934496,BCHUSDT,SELL,419.22
2025-02-01 16:52:40.664779,BCHUSDT,SELL,419.32
2025-02-01 16:52:42.161657,AVAXUSDT,SELL,33.623
2025-02-01 16:52:42.913138,AVAXUSDT,SELL,33.623
2025-02-01 16:52:43.731054,AVAXUSDT,SELL,33.623
2025-02-01 16:52:45.201514,FILUSDT,SELL,4.67
2025-02-01 16:52:48.417240,XLMUSDT,SELL,0.40549
2025-02-01 16:52:49.313734,XLMUSDT,SELL,0.40549
2025-02-01 16:52:51.654311,TRXUSDT,SELL,0.25356
2025-02-01 16:52:54.867821,NEARUSDT,SELL,4.447
2025-02-01 16:52:55.656765,NEARUSDT,SELL,4.448
2025-02-01 16:52:56.463097,NEARUSDT,SELL,4.447
2025-02-01 16:52:58.063618,ATOMUSDT,SELL,6.129
2025-02-01 16:52:58.898953,ATOMUSDT,SELL,6.129
2025-02-01 16:53:01.095329,SANDUSDT,SELL,0.51393
2025-02-01 16:53:01.909775,SANDUSDT,SELL,0.51386
2025-02-01 16:53:14.166935,BTCUSDT,SELL,101977.7
2025-02-01 16:53:15.662981,BTCUSDT,SELL,101977.8
2025-02-01 16:53:16.495546,BTCUSDT,SELL,101977.8
2025-02-01 16:53:20.141162,BNBUSDT,SELL,669.62
2025-02-01 16:53:21.676681,BNBUSDT,SELL,669.57
2025-02-01 16:53:23.176248,ADAUSDT,SELL,0.926
2025-02-01 16:53:26.145497,XRPUSDT,SELL,2.9783
2025-02-01 16:53:27.663016,XRPUSDT,SELL,2.978
2025-02-01 16:53:28.491373,XRPUSDT,SELL,2.9779
2025-02-01 16:53:29.265687,SOLUSDT,SELL,227.17
2025-02-01 16:53:35.131253,DOTUSDT,SELL,6.268
2025-02-01 16:53:38.072116,LINKUSDT,SELL,24.537
2025-02-01 16:53:38.828111,LINKUSDT,SELL,24.534
2025-02-01 16:53:41.729449,LTCUSDT,SELL,122.56
2025-02-01 16:53:42.582611,LTCUSDT,SELL,122.56
2025-02-01 16:53:44.127699,BCHUSDT,SELL,419.37
2025-02-01 16:53:44.931245,BCHUSDT,SELL,419.37
2025-02-01 16:53:45.607018,BCHUSDT,SELL,419.37
2025-02-01 16:53:47.022317,AVAXUSDT,SELL,33.63
2025-02-01 16:53:47.749687,AVAXUSDT,SELL,33.629
2025-02-01 16:53:49.877868,FILUSDT,SELL,4.672
2025-02-01 16:53:52.916162,XLMUSDT,SELL,0.40547
2025-02-01 16:53:53.763692,XLMUSDT,SELL,0.40535
2025-02-01 16:53:56.070455,TRXUSDT,SELL,0.25355
2025-02-01 16:53:59.137598,NEARUSDT,SELL,4.45
2025-02-01 16:54:00.562993,NEARUSDT,SELL,4.45
2025-02-01 16:54:02.020012,ATOMUSDT,SELL,6.13
2025-02-01 16:54:02.891160,ATOMUSDT,SELL,6.131
2025-02-01 16:54:05.297446,SANDUSDT,SELL,0.51277
2025-02-01 16:54:06.051136,SANDUSDT,SELL,0.51265
2025-02-01 16:54:06.919714,SANDUSDT,SELL,0.51267
2025-02-01 16:54:18.393101,BTCUSDT,SELL,101920.0
2025-02-01 16:54:19.969822,BTCUSDT,SELL,101920.0
2025-02-01 16:54:20.795881,BTCUSDT,SELL,101920.0
2025-02-01 16:54:21.494109,ETHUSDT,SELL,3244.87
2025-02-01 16:54:24.492903,BNBUSDT,SELL,669.34
2025-02-01 16:54:25.267639,BNBUSDT,SELL,669.34
2025-02-01 16:54:26.053164,BNBUSDT,SELL,669.34
2025-02-01 16:54:27.508207,ADAUSDT,SELL,0.9253
2025-02-01 16:54:30.377666,XRPUSDT,SELL,2.9783
2025-02-01 16:54:31.945139,XRPUSDT,SELL,2.9775
2025-02-01 16:54:32.696653,XRPUSDT,SELL,2.9777
2025-02-01 16:54:33.426765,SOLUSDT,SELL,227.14
2025-02-01 16:54:43.600706,LINKUSDT,SELL,24.56
2025-02-01 16:54:46.774913,LTCUSDT,SELL,122.58
2025-02-01 16:54:47.484088,LTCUSDT,SELL,122.58
2025-02-01 16:54:49.122600,BCHUSDT,SELL,419.33
2025-02-01 16:54:49.930625,BCHUSDT,SELL,419.33
2025-02-01 16:54:50.763477,BCHUSDT,SELL,419.33
2025-02-01 16:54:53.155041,AVAXUSDT,SELL,33.653
2025-02-01 16:54:59.535139,XLMUSDT,SELL,0.40585
2025-02-01 16:55:06.773101,NEARUSDT,SELL,4.451
2025-02-01 16:55:08.336321,ATOMUSDT,SELL,6.131
2025-02-01 16:55:09.149402,ATOMUSDT,SELL,6.131
2025-02-01 16:55:11.333794,SANDUSDT,SELL,0.51294
2025-02-01 16:55:12.144608,SANDUSDT,SELL,0.51299
2025-02-01 16:55:13.007294,SANDUSDT,SELL,0.51299
2025-02-01 16:55:24.637713,BTCUSDT,SELL,101938.5
2025-02-01 16:55:26.073132,BTCUSDT,SELL,101938.5
2025-02-01 16:55:26.826634,BTCUSDT,SELL,101938.5
2025-02-01 16:55:30.622741,BNBUSDT,SELL,669.44
2025-02-01 16:55:32.113564,BNBUSDT,SELL,669.45
2025-02-01 16:55:33.669635,ADAUSDT,SELL,0.9257
2025-02-01 16:55:38.938945,XRPUSDT,SELL,2.9814
2025-02-01 16:55:45.895323,DOTUSDT,SELL,6.267
2025-02-01 16:55:49.440946,LINKUSDT,SELL,24.555
2025-02-01 16:55:52.419410,LTCUSDT,SELL,122.48
2025-02-01 16:55:53.266531,LTCUSDT,SELL,122.45
2025-02-01 16:55:54.683596,BCHUSDT,SELL,418.93
2025-02-01 16:55:55.399889,BCHUSDT,SELL,418.94
2025-02-01 16:55:56.154452,BCHUSDT,SELL,418.94
2025-02-01 16:55:57.636750,AVAXUSDT,SELL,33.633
2025-02-01 16:55:58.430315,AVAXUSDT,SELL,33.631
2025-02-01 16:56:00.666143,FILUSDT,SELL,4.667
2025-02-01 16:56:01.417519,FILUSDT,SELL,4.668
2025-02-01 16:56:04.318373,XLMUSDT,SELL,0.40565
2025-02-01 16:56:09.691226,NEARUSDT,SELL,4.447
2025-02-01 16:56:10.533731,NEARUSDT,SELL,4.446
2025-02-01 16:56:11.270159,NEARUSDT,SELL,4.446
2025-02-01 16:56:12.737059,ATOMUSDT,SELL,6.122
2025-02-01 16:56:13.468036,ATOMUSDT,SELL,6.122
2025-02-01 16:56:14.190107,ATOMUSDT,SELL,6.121
2025-02-01 16:56:15.659970,SANDUSDT,SELL,0.51238
2025-02-01 16:56:16.373645,SANDUSDT,SELL,0.51238
2025-02-01 16:56:17.121924,SANDUSDT,SELL,0.51229
2025-02-01 16:56:28.616479,BTCUSDT,SELL,101852.0
2025-02-01 16:56:30.043105,BTCUSDT,SELL,101857.9
2025-02-01 16:56:30.899108,BTCUSDT,SELL,101857.9
2025-02-01 16:56:31.630513,ETHUSDT,SELL,3242.35
2025-02-01 16:56:34.778867,BNBUSDT,SELL,669.12
2025-02-01 16:56:35.551432,BNBUSDT,SELL,669.11
2025-02-01 16:56:36.266290,BNBUSDT,SELL,669.08
2025-02-01 16:56:37.764598,ADAUSDT,SELL,0.9238
2025-02-01 16:56:42.183143,XRPUSDT,SELL,2.9771
2025-02-01 16:56:42.907861,XRPUSDT,SELL,2.9769
2025-02-01 16:56:43.697031,SOLUSDT,SELL,227.07
2025-02-01 16:56:49.850305,DOTUSDT,SELL,6.259
2025-02-01 16:56:53.568847,LINKUSDT,SELL,24.509
2025-02-01 16:56:55.858788,LTCUSDT,SELL,122.04
2025-02-01 16:56:56.636519,LTCUSDT,SELL,122.05
2025-02-01 16:56:57.354176,LTCUSDT,SELL,122.09
2025-02-01 16:56:58.904957,BCHUSDT,SELL,418.55
2025-02-01 16:56:59.637268,BCHUSDT,SELL,418.55
2025-02-01 16:57:00.475186,BCHUSDT,SELL,418.52
2025-02-01 16:57:02.077520,AVAXUSDT,SELL,33.606
2025-02-01 16:57:02.906266,AVAXUSDT,SELL,33.606
2025-02-01 16:57:03.672871,AVAXUSDT,SELL,33.606
2025-02-01 16:57:05.221759,FILUSDT,SELL,4.657
2025-02-01 16:57:05.943484,FILUSDT,SELL,4.657
2025-02-01 16:57:06.693501,FILUSDT,SELL,4.657
2025-02-01 16:57:08.148457,XLMUSDT,SELL,0.405
2025-02-01 16:57:08.924194,XLMUSDT,SELL,0.405
2025-02-01 16:57:11.389419,TRXUSDT,SELL,0.25345
2025-02-01 16:57:14.562476,NEARUSDT,SELL,4.445
2025-02-01 16:57:15.327933,NEARUSDT,SELL,4.445
2025-02-01 16:57:16.074787,NEARUSDT,SELL,4.445
2025-02-01 16:57:17.597077,ATOMUSDT,SELL,6.124
2025-02-01 16:57:18.392762,ATOMUSDT,SELL,6.125
2025-02-01 16:57:19.124063,ATOMUSDT,SELL,6.125
2025-02-01 16:57:20.566913,SANDUSDT,SELL,0.51249
2025-02-01 16:57:21.275611,SANDUSDT,SELL,0.51249
2025-02-01 16:57:21.991914,SANDUSDT,SELL,0.51249
2025-02-01 16:57:33.616949,BTCUSDT,SELL,101903.0
2025-02-01 16:57:35.382544,BTCUSDT,SELL,101903.0
2025-02-01 16:57:36.159854,BTCUSDT,SELL,101903.0
2025-02-01 16:57:36.939761,ETHUSDT,SELL,3242.6
2025-02-01 16:57:40.406516,BNBUSDT,SELL,669.16
2025-02-01 16:57:41.187247,BNBUSDT,SELL,669.16
2025-02-01 16:57:41.959907,BNBUSDT,SELL,669.16
2025-02-01 16:57:43.796205,ADAUSDT,SELL,0.9238
2025-02-01 16:57:48.867817,XRPUSDT,SELL,2.9749
2025-02-01 16:57:49.640268,XRPUSDT,SELL,2.9749
2025-02-01 16:57:50.419294,SOLUSDT,SELL,227.05
2025-02-01 16:57:56.501642,DOTUSDT,SELL,6.262
2025-02-01 16:58:00.327664,LINKUSDT,SELL,24.525
2025-02-01 16:58:02.721749,LTCUSDT,SELL,122.06
2025-02-01 16:58:03.437685,LTCUSDT,SELL,122.05
2025-02-01 16:58:04.159902,LTCUSDT,SELL,122.05
2025-02-01 16:58:05.754319,BCHUSDT,SELL,418.58
2025-02-01 16:58:06.574571,BCHUSDT,SELL,418.58
2025-02-01 16:58:07.452093,BCHUSDT,SELL,418.58
2025-02-01 16:58:09.809326,AVAXUSDT,SELL,33.628
2025-02-01 16:58:11.969359,FILUSDT,SELL,4.657
2025-02-01 16:58:12.793742,FILUSDT,SELL,4.657
2025-02-01 16:58:13.531044,FILUSDT,SELL,4.657
2025-02-01 16:58:16.210082,XLMUSDT,SELL,0.40516
2025-02-01 16:58:23.477017,NEARUSDT,SELL,4.445
2025-02-01 16:58:24.551902,NEARUSDT,SELL,4.445
2025-02-01 16:58:25.650448,NEARUSDT,SELL,4.445
2025-02-01 16:58:27.771759,ATOMUSDT,SELL,6.121
2025-02-01 16:58:28.846104,ATOMUSDT,SELL,6.121
2025-02-01 16:58:29.886392,ATOMUSDT,SELL,6.121
2025-02-01 16:58:32.127583,SANDUSDT,SELL,0.51215
2025-02-01 16:58:33.184525,SANDUSDT,SELL,0.51215
2025-02-01 16:58:34.146163,SANDUSDT,SELL,0.51215
2025-02-01 16:58:46.398856,BTCUSDT,SELL,101818.1
2025-02-01 16:58:48.554944,BTCUSDT,SELL,101818.2
2025-02-01 16:58:49.581337,BTCUSDT,SELL,101818.1
2025-02-01 16:58:50.768564,ETHUSDT,SELL,3243.06
2025-02-01 16:58:55.214,BNBUSDT,SELL,669.01
2025-02-01 16:58:56.415686,BNBUSDT,SELL,669.0
2025-02-01 16:58:57.578958,BNBUSDT,SELL,669.0
2025-02-01 16:59:00.162473,ADAUSDT,SELL,0.9227
2025-02-01 16:59:02.323272,ADAUSDT,SELL,0.9228
2025-02-01 16:59:04.528850,XRPUSDT,SELL,2.9737
2025-02-01 16:59:06.668513,XRPUSDT,SELL,2.9738
2025-02-01 16:59:07.689988,XRPUSDT,SELL,2.9739
2025-02-01 16:59:08.715230,SOLUSDT,SELL,226.85
2025-02-01 16:59:10.956038,SOLUSDT,SELL,226.85
2025-02-01 16:59:17.271098,DOTUSDT,SELL,6.259
2025-02-01 16:59:21.740879,LINKUSDT,SELL,24.516
2025-02-01 16:59:24.670884,LTCUSDT,SELL,122.14
2025-02-01 16:59:25.586188,LTCUSDT,SELL,122.13
2025-02-01 16:59:26.442096,LTCUSDT,SELL,122.13
2025-02-01 16:59:28.145892,BCHUSDT,SELL,418.63
2025-02-01 16:59:28.882529,BCHUSDT,SELL,418.65
2025-02-01 16:59:29.714616,BCHUSDT,SELL,418.65
2025-02-01 16:59:32.010405,AVAXUSDT,SELL,33.639
2025-02-01 16:59:34.884067,FILUSDT,SELL,4.655
2025-02-01 16:59:35.737366,FILUSDT,SELL,4.655
2025-02-01 16:59:36.816607,FILUSDT,SELL,4.655
2025-02-01 16:59:39.356258,XLMUSDT,SELL,0.40503
2025-02-01 16:59:45.706465,NEARUSDT,SELL,4.446
2025-02-01 16:59:46.461022,NEARUSDT,SELL,4.446
2025-02-01 16:59:47.979014,ATOMUSDT,SELL,6.121
2025-02-01 16:59:48.753967,ATOMUSDT,SELL,6.12
2025-02-01 16:59:49.505433,ATOMUSDT,SELL,6.12
2025-02-01 16:59:51.027976,SANDUSDT,SELL,0.51232
2025-02-01 16:59:51.772013,SANDUSDT,SELL,0.51232
2025-02-01 16:59:52.543415,SANDUSDT,SELL,0.5123
2025-02-01 17:00:03.992447,BTCUSDT,SELL,101839.6
2025-02-01 17:00:05.475186,BTCUSDT,SELL,101840.9
2025-02-01 17:00:06.236051,BTCUSDT,SELL,101840.9
2025-02-01 17:00:10.020110,BNBUSDT,SELL,669.08
2025-02-01 17:00:10.797750,BNBUSDT,SELL,669.08
2025-02-01 17:00:17.726864,XRPUSDT,SELL,2.9733
2025-02-01 17:00:18.513607,XRPUSDT,SELL,2.9734
2025-02-01 17:00:19.282371,SOLUSDT,SELL,226.84
2025-02-01 17:00:29.512972,LINKUSDT,SELL,24.53
2025-02-01 17:00:31.852016,LTCUSDT,SELL,122.05
2025-02-01 17:00:32.632662,LTCUSDT,SELL,122.05
2025-02-01 17:00:33.431165,LTCUSDT,SELL,122.05
2025-02-01 17:00:35.730734,BCHUSDT,SELL,419.85
2025-02-01 17:00:38.805324,AVAXUSDT,SELL,33.553
2025-02-01 17:00:41.166655,FILUSDT,SELL,4.652
2025-02-01 17:00:41.995917,FILUSDT,SELL,4.652
2025-02-01 17:00:42.788916,FILUSDT,SELL,4.652
2025-02-01 17:00:44.354313,XLMUSDT,SELL,0.40472
2025-02-01 17:00:45.378517,XLMUSDT,SELL,0.40472
2025-02-01 17:00:48.199989,TRXUSDT,SELL,0.25338
2025-02-01 17:00:53.035043,NEARUSDT,SELL,4.45
2025-02-01 17:00:55.286905,ATOMUSDT,SELL,6.124
2025-02-01 17:00:57.580589,SANDUSDT,SELL,0.51232
2025-02-01 17:00:58.441374,SANDUSDT,SELL,0.51232
2025-02-01 17:01:10.683250,BTCUSDT,SELL,101809.8
2025-02-01 17:01:12.280510,BTCUSDT,SELL,101809.7
2025-02-01 17:01:12.998011,BTCUSDT,SELL,101809.7
2025-02-01 17:01:17.579847,BNBUSDT,SELL,669.12
2025-02-01 17:01:25.505404,XRPUSDT,SELL,2.9756
2025-02-01 17:01:35.677101,LINKUSDT,SELL,24.57
2025-02-01 17:01:38.811331,LTCUSDT,SELL,122.24
2025-02-01 17:01:39.632621,LTCUSDT,SELL,122.25
2025-02-01 17:02:01.311790,ATOMUSDT,SELL,6.133
2025-02-01 17:02:16.701823,BTCUSDT,SELL,101820.1
2025-02-01 17:02:18.194446,BTCUSDT,SELL,101836.5
2025-02-01 17:02:18.899991,BTCUSDT,SELL,101832.2
2025-02-01 17:02:32.401137,XRPUSDT,SELL,2.9789
2025-02-01 17:02:46.475054,LTCUSDT,SELL,122.31
2025-02-01 17:02:47.401991,LTCUSDT,SELL,122.29
2025-02-01 17:03:09.668524,ATOMUSDT,SELL,6.143
2025-02-01 17:03:25.024426,BTCUSDT,SELL,101873.6
2025-02-01 17:03:26.582394,BTCUSDT,SELL,101869.7
2025-02-01 17:03:27.456936,BTCUSDT,SELL,101869.7
2025-02-01 17:03:40.092211,XRPUSDT,SELL,2.9789
2025-02-01 17:03:51.095564,LINKUSDT,SELL,24.557
2025-02-01 17:03:54.991806,LTCUSDT,SELL,122.3
2025-02-01 17:03:55.797447,LTCUSDT,SELL,122.3
2025-02-01 17:03:58.077553,BCHUSDT,SELL,419.75
2025-02-01 17:04:33.664184,BTCUSDT,SELL,101887.5
2025-02-01 17:04:34.544809,BTCUSDT,SELL,101887.5
2025-02-01 17:04:46.755494,XRPUSDT,SELL,2.9786
2025-02-01 17:05:00.889640,LTCUSDT,SELL,122.49
2025-02-01 17:05:22.290686,ATOMUSDT,SELL,6.142
2025-02-01 17:05:39.344853,BTCUSDT,SELL,101916.9
2025-02-01 17:05:40.148499,BTCUSDT,SELL,101916.9
2025-02-01 17:05:52.817328,XRPUSDT,SELL,2.9797
2025-02-01 17:06:04.717170,LINKUSDT,SELL,24.563
2025-02-01 17:06:07.811918,LTCUSDT,SELL,122.5
2025-02-01 17:06:46.206302,BTCUSDT,SELL,101964.1
2025-02-01 17:06:46.955604,BTCUSDT,SELL,101964.1
2025-02-01 17:06:59.069594,XRPUSDT,SELL,2.9799
2025-02-01 17:07:12.969221,LTCUSDT,SELL,122.46
2025-02-01 17:07:13.731963,LTCUSDT,SELL,122.37
2025-02-01 17:07:35.026600,ATOMUSDT,SELL,6.144
2025-02-01 17:07:51.865565,BTCUSDT,SELL,102000.1
2025-02-01 17:07:52.623444,BTCUSDT,SELL,102000.1
2025-02-01 17:08:04.852916,XRPUSDT,SELL,2.9829
2025-02-01 17:08:08.755069,DOGEUSDT,BUY,0.32331
2025-02-01 17:08:11.704900,DOTUSDT,BUY,6.298
2025-02-01 17:08:18.686122,LTCUSDT,SELL,122.41
2025-02-01 17:08:37.301285,NEARUSDT,BUY,4.479
2025-02-01 17:08:58.920617,BTCUSDT,SELL,102043.3
2025-02-01 17:08:59.660927,BTCUSDT,SELL,102043.3
2025-02-01 17:09:16.147184,XRPUSDT,SELL,2.9849
2025-02-01 17:09:17.351725,SOLUSDT,BUY,228.03
2025-02-01 17:09:34.215113,LTCUSDT,SELL,122.37
2025-02-01 17:09:35.369386,LTCUSDT,SELL,122.36
2025-02-01 17:10:16.197460,BTCUSDT,SELL,102017.8
2025-02-01 17:10:16.932563,BTCUSDT,SELL,102000.0
2025-02-01 17:10:30.070741,XRPUSDT,SELL,2.9821
2025-02-01 17:11:17.622307,ATOMUSDT,SELL,6.144
2025-02-01 17:11:35.557691,BTCUSDT,SELL,101943.8
2025-02-01 17:11:36.506889,BTCUSDT,SELL,101943.8
2025-02-01 17:11:52.782055,XRPUSDT,SELL,2.9815
2025-02-01 17:12:03.813345,LINKUSDT,SELL,24.531
2025-02-01 17:12:07.204807,LTCUSDT,SELL,122.44
2025-02-01 17:12:10.338022,BCHUSDT,SELL,419.88
2025-02-01 17:12:13.382710,AVAXUSDT,SELL,33.669
2025-02-01 17:12:29.284147,ATOMUSDT,SELL,6.133
2025-02-01 17:12:46.539606,BTCUSDT,SELL,101902.4
2025-02-01 17:12:47.279490,BTCUSDT,SELL,101902.4
2025-02-01 17:12:59.785570,XRPUSDT,SELL,2.9801
2025-02-01 17:13:10.464565,LINKUSDT,SELL,24.534
2025-02-01 17:13:13.645849,LTCUSDT,SELL,122.42
2025-02-01 17:13:16.697873,BCHUSDT,SELL,420.02
2025-02-01 17:13:34.826105,ATOMUSDT,SELL,6.138
2025-02-01 17:13:51.578046,BTCUSDT,SELL,101924.9
2025-02-01 17:13:52.328059,BTCUSDT,SELL,101924.9
2025-02-01 17:14:04.042897,XRPUSDT,SELL,2.9803
2025-02-01 17:14:14.107809,LINKUSDT,SELL,24.527
2025-02-01 17:14:17.161450,LTCUSDT,SELL,122.35
2025-02-01 17:14:18.007372,LTCUSDT,SELL,122.33
2025-02-01 17:14:20.255625,BCHUSDT,SELL,419.82
2025-02-01 17:14:38.682542,ATOMUSDT,SELL,6.136
2025-02-01 17:14:55.321651,BTCUSDT,SELL,101899.8
2025-02-01 17:14:56.039314,BTCUSDT,SELL,101924.9
2025-02-01 17:15:08.557272,XRPUSDT,SELL,2.9789
2025-02-01 17:15:19.074797,LINKUSDT,SELL,24.51
2025-02-01 17:15:21.963179,LTCUSDT,SELL,122.37
2025-02-01 17:15:22.730191,LTCUSDT,SELL,122.37
2025-02-01 17:15:24.998839,BCHUSDT,SELL,419.79
2025-02-01 17:15:28.091232,AVAXUSDT,SELL,33.641
2025-02-01 17:15:36.228883,TRXUSDT,SELL,0.25335
2025-02-01 17:15:42.881064,ATOMUSDT,SELL,6.129
2025-02-01 17:15:59.619331,BTCUSDT,SELL,101860.0
2025-02-01 17:16:00.329192,BTCUSDT,SELL,101860.0
2025-02-01 17:16:01.055185,ETHUSDT,SELL,3234.37
2025-02-01 17:16:03.992155,BNBUSDT,SELL,668.69
2025-02-01 17:16:04.744869,BNBUSDT,SELL,668.64
2025-02-01 17:16:05.452968,BNBUSDT,SELL,668.65
2025-02-01 17:16:09.908268,XRPUSDT,SELL,2.9714
2025-02-01 17:16:11.416507,XRPUSDT,SELL,2.9714
2025-02-01 17:16:12.155231,XRPUSDT,SELL,2.9714
2025-02-01 17:16:14.264554,SOLUSDT,SELL,226.51
2025-02-01 17:16:15.716517,DOGEUSDT,SELL,0.32169
2025-02-01 17:16:21.555666,LINKUSDT,SELL,24.431
2025-02-01 17:16:22.360199,LINKUSDT,SELL,24.431
2025-02-01 17:16:25.437381,LTCUSDT,SELL,122.12
2025-02-01 17:16:26.141070,LTCUSDT,SELL,122.11
2025-02-01 17:16:28.342821,BCHUSDT,SELL,419.33
2025-02-01 17:16:31.235667,AVAXUSDT,SELL,33.593
2025-02-01 17:16:40.126624,TRXUSDT,SELL,0.25316
2025-02-01 17:16:47.228113,ATOMUSDT,SELL,6.124
2025-02-01 17:16:50.162902,SANDUSDT,SELL,0.51276
2025-02-01 17:17:02.510663,BTCUSDT,SELL,101805.1
2025-02-01 17:17:03.953332,BTCUSDT,SELL,101825.0
2025-02-01 17:17:04.715248,BTCUSDT,SELL,101825.1
2025-02-01 17:17:05.453416,ETHUSDT,SELL,3237.52
2025-02-01 17:17:09.825971,BNBUSDT,SELL,668.72
2025-02-01 17:17:10.771015,BNBUSDT,SELL,668.73
2025-02-01 17:17:11.532915,BNBUSDT,SELL,668.73
2025-02-01 17:17:18.876296,XRPUSDT,SELL,2.9726
2025-02-01 17:17:19.716138,XRPUSDT,SELL,2.9726
2025-02-01 17:17:22.381758,SOLUSDT,SELL,226.55
2025-02-01 17:17:29.995293,LINKUSDT,SELL,24.451
2025-02-01 17:17:30.792574,LINKUSDT,SELL,24.451
2025-02-01 17:17:33.015162,LTCUSDT,SELL,121.81
2025-02-01 17:17:33.727603,LTCUSDT,SELL,121.81
2025-02-01 17:17:34.491328,LTCUSDT,SELL,121.84
2025-02-01 17:17:36.659941,BCHUSDT,SELL,418.99
2025-02-01 17:17:39.588507,AVAXUSDT,SELL,33.62
2025-02-01 17:17:55.415869,ATOMUSDT,SELL,6.126
2025-02-01 17:18:14.590192,BTCUSDT,SELL,101850.1
2025-02-01 17:18:15.612740,BTCUSDT,SELL,101846.8
2025-02-01 17:18:21.373523,BNBUSDT,SELL,668.93
2025-02-01 17:18:22.182251,BNBUSDT,SELL,668.93
2025-02-01 17:18:31.053988,XRPUSDT,SELL,2.9731
2025-02-01 17:18:31.804951,XRPUSDT,SELL,2.9727
2025-02-01 17:18:42.518844,LINKUSDT,SELL,24.488
2025-02-01 17:18:44.689984,LTCUSDT,SELL,121.84
2025-02-01 17:18:45.725244,LTCUSDT,SELL,121.84
2025-02-01 17:18:46.495484,LTCUSDT,SELL,121.84
2025-02-01 17:18:48.661682,BCHUSDT,SELL,419.42
2025-02-01 17:19:06.962131,ATOMUSDT,SELL,6.137
2025-02-01 17:19:23.845264,BTCUSDT,SELL,101913.1
2025-02-01 17:19:24.818119,BTCUSDT,SELL,101913.1
2025-02-01 17:19:41.401616,XRPUSDT,SELL,2.9734
2025-02-01 17:19:42.302945,XRPUSDT,SELL,2.9734
2025-02-01 17:19:53.675703,LINKUSDT,SELL,24.541
2025-02-01 17:19:56.006397,LTCUSDT,SELL,121.68
2025-02-01 17:19:56.834015,LTCUSDT,SELL,121.68
2025-02-01 17:19:57.664373,LTCUSDT,SELL,121.68
2025-02-01 17:19:59.370575,BCHUSDT,SELL,418.52
2025-02-01 17:20:00.205618,BCHUSDT,SELL,418.52
2025-02-01 17:20:01.215607,BCHUSDT,SELL,418.52
2025-02-01 17:20:28.018458,BTCUSDT,SELL,101974.8
2025-02-01 17:20:28.966972,BTCUSDT,SELL,101974.8
2025-02-01 17:20:41.204127,XRPUSDT,SELL,2.9771
2025-02-01 17:20:54.649619,LTCUSDT,SELL,121.9
2025-02-01 17:20:55.396178,LTCUSDT,SELL,121.9
2025-02-01 17:20:57.615771,BCHUSDT,SELL,419.58
2025-02-01 17:21:22.920614,BTCUSDT,SELL,101940.9
2025-02-01 17:21:23.695540,BTCUSDT,SELL,101940.9
2025-02-01 17:21:35.930609,XRPUSDT,SELL,2.9753
2025-02-01 17:21:46.823414,LINKUSDT,SELL,24.513
2025-02-01 17:21:49.202497,LTCUSDT,SELL,121.57
2025-02-01 17:21:49.949995,LTCUSDT,SELL,121.58
2025-02-01 17:21:50.993506,LTCUSDT,SELL,121.57
2025-02-01 17:21:53.306959,BCHUSDT,SELL,419.09
2025-02-01 17:21:58.887260,FILUSDT,SELL,4.659
2025-02-01 17:22:11.809229,ATOMUSDT,SELL,6.131
2025-02-01 17:22:18.900342,BTCUSDT,SELL,101913.1
2025-02-01 17:22:19.647414,BTCUSDT,SELL,101913.1
2025-02-01 17:22:34.591170,XRPUSDT,SELL,2.9733
2025-02-01 17:22:35.468722,XRPUSDT,SELL,2.9733
2025-02-01 17:22:46.365129,LINKUSDT,SELL,24.501
2025-02-01 17:22:48.571549,LTCUSDT,SELL,121.54
2025-02-01 17:22:49.319141,LTCUSDT,SELL,121.54
2025-02-01 17:22:50.172305,LTCUSDT,SELL,121.54
2025-02-01 17:22:52.492976,BCHUSDT,SELL,418.8
2025-02-01 17:22:53.237042,BCHUSDT,SELL,418.86
2025-02-01 17:22:57.731715,FILUSDT,SELL,4.657
2025-02-01 17:22:58.525912,FILUSDT,SELL,4.657
2025-02-01 17:23:10.968395,ATOMUSDT,SELL,6.13
2025-02-01 17:23:17.696804,BTCUSDT,SELL,101904.6
2025-02-01 17:23:18.462489,BTCUSDT,SELL,101904.6
2025-02-01 17:23:32.544144,XRPUSDT,SELL,2.9733
2025-02-01 17:23:33.554632,XRPUSDT,SELL,2.973
2025-02-01 17:23:47.530674,LINKUSDT,SELL,24.495
2025-02-01 17:23:50.380153,LTCUSDT,SELL,121.45
2025-02-01 17:23:51.402607,LTCUSDT,SELL,121.41
2025-02-01 17:23:52.351418,LTCUSDT,SELL,121.41
2025-02-01 17:23:55.263989,BCHUSDT,SELL,418.8
2025-02-01 17:23:56.292568,BCHUSDT,SELL,418.8
2025-02-01 17:24:02.253120,FILUSDT,SELL,4.655
2025-02-01 17:24:03.193890,FILUSDT,SELL,4.655
2025-02-01 17:24:19.368640,ATOMUSDT,SELL,6.133
2025-02-01 17:24:28.162922,BTCUSDT,SELL,101969.0
2025-02-01 17:24:29.126096,BTCUSDT,SELL,101969.0
2025-02-01 17:24:41.985645,XRPUSDT,SELL,2.9773
2025-02-01 17:24:52.761345,LINKUSDT,SELL,24.543
2025-02-01 17:24:55.245029,LTCUSDT,SELL,121.4
2025-02-01 17:24:56.102908,LTCUSDT,SELL,121.39
2025-02-01 17:24:56.973071,LTCUSDT,SELL,121.39
2025-02-01 17:24:59.337824,BCHUSDT,SELL,419.57
2025-02-01 17:25:23.795977,BTCUSDT,SELL,101997.0
2025-02-01 17:25:24.551056,BTCUSDT,SELL,101997.0
2025-02-01 17:25:36.284576,XRPUSDT,SELL,2.9794
2025-02-01 17:25:49.843139,LTCUSDT,SELL,121.6
2025-02-01 17:25:50.558614,LTCUSDT,SELL,121.59
2025-02-01 17:26:17.453638,BTCUSDT,SELL,102014.9
2025-02-01 17:26:18.217183,BTCUSDT,SELL,102022.4
2025-02-01 17:26:29.924669,XRPUSDT,SELL,2.98
2025-02-01 17:26:43.948838,LTCUSDT,SELL,121.44
2025-02-01 17:26:44.673630,LTCUSDT,SELL,121.4
2025-02-01 17:27:10.715996,BTCUSDT,SELL,102022.3
2025-02-01 17:27:11.424119,BTCUSDT,SELL,102022.3
2025-02-01 17:27:23.098239,XRPUSDT,SELL,2.9801
2025-02-01 17:27:36.471012,LTCUSDT,SELL,121.42
2025-02-01 17:27:37.180470,LTCUSDT,SELL,121.42
2025-02-01 17:28:04.668121,BTCUSDT,SELL,102005.0
2025-02-01 17:28:05.358854,BTCUSDT,SELL,102005.0
2025-02-01 17:28:17.918419,XRPUSDT,SELL,2.9796
2025-02-01 17:28:31.823376,LTCUSDT,SELL,121.45
2025-02-01 17:28:32.537922,LTCUSDT,SELL,121.38
2025-02-01 17:28:58.534992,BTCUSDT,BUY,102071.1
2025-02-01 17:29:00.003037,BTCUSDT,SELL,102071.1
2025-02-01 17:29:00.701564,BTCUSDT,SELL,102071.0
2025-02-01 17:29:14.225673,XRPUSDT,SELL,2.981
2025-02-01 17:29:31.426424,LTCUSDT,SELL,121.4
2025-02-01 17:29:32.401165,LTCUSDT,SELL,121.4
2025-02-01 17:30:07.043202,BTCUSDT,SELL,102055.7
2025-02-01 17:30:07.988884,BTCUSDT,SELL,102055.8
2025-02-01 17:30:22.220227,XRPUSDT,SELL,2.9794
2025-02-01 17:30:35.622767,LTCUSDT,SELL,121.41
2025-02-01 17:30:36.426665,LTCUSDT,SELL,121.43
2025-02-01 17:31:01.102906,BTCUSDT,BUY,102086.4
2025-02-01 17:31:02.594575,BTCUSDT,SELL,102076.7
2025-02-01 17:31:03.356142,BTCUSDT,SELL,102090.5
2025-02-01 17:31:15.136376,XRPUSDT,SELL,2.9811
2025-02-01 17:31:28.437807,LTCUSDT,SELL,121.52
2025-02-01 17:31:29.353547,LTCUSDT,SELL,121.52
2025-02-01 17:31:30.951327,BCHUSDT,BUY,421.21
2025-02-01 17:31:48.754139,ATOMUSDT,BUY,6.163
2025-02-01 17:31:54.510666,BTCUSDT,BUY,102105.9
2025-02-01 17:31:56.030822,BTCUSDT,SELL,102109.9
2025-02-01 17:31:56.761732,BTCUSDT,SELL,102107.3
2025-02-01 17:32:17.441945,XRPUSDT,SELL,2.9829
2025-02-01 17:32:27.410973,DOTUSDT,BUY,6.312
2025-02-01 17:32:36.336595,LTCUSDT,SELL,121.77
2025-02-01 17:32:37.358719,LTCUSDT,SELL,121.77
2025-02-01 17:33:07.931608,BTCUSDT,BUY,102110.6
2025-02-01 17:33:09.695678,BTCUSDT,SELL,102110.6
2025-02-01 17:33:10.595041,BTCUSDT,SELL,102110.6
2025-02-01 17:33:28.461126,XRPUSDT,SELL,2.9833
2025-02-01 17:33:37.196173,DOTUSDT,BUY,6.31
2025-02-01 17:33:45.893461,LTCUSDT,SELL,121.82
2025-02-01 17:33:46.975560,LTCUSDT,SELL,121.84
2025-02-01 17:33:52.941975,AVAXUSDT,BUY,33.837
2025-02-01 17:34:01.152472,XLMUSDT,BUY,0.40706
2025-02-01 17:34:18.556434,BTCUSDT,BUY,102096.9
2025-02-01 17:34:20.169183,BTCUSDT,SELL,102096.9
2025-02-01 17:34:21.042357,BTCUSDT,SELL,102096.9
2025-02-01 17:34:36.918867,XRPUSDT,SELL,2.9836
2025-02-01 17:34:53.353427,LTCUSDT,SELL,122.1
2025-02-01 17:35:22.360693,BTCUSDT,SELL,102081.7
2025-02-01 17:35:23.219857,BTCUSDT,SELL,102081.7
2025-02-01 17:35:37.138785,XRPUSDT,SELL,2.9819
2025-02-01 17:35:51.590830,LTCUSDT,SELL,121.9
2025-02-01 17:35:52.388243,LTCUSDT,SELL,121.9
2025-02-01 17:36:22.841125,BTCUSDT,SELL,102044.6
2025-02-01 17:36:23.644048,BTCUSDT,SELL,102042.4
2025-02-01 17:36:35.672010,XRPUSDT,SELL,2.9784
2025-02-01 17:36:50.285822,LTCUSDT,SELL,121.94
2025-02-01 17:36:51.043274,LTCUSDT,SELL,121.94
2025-02-01 17:37:19.257589,BTCUSDT,SELL,102051.1
2025-02-01 17:37:20.026818,BTCUSDT,SELL,102051.1
2025-02-01 17:37:32.963770,XRPUSDT,SELL,2.98
2025-02-01 17:37:47.699185,LTCUSDT,SELL,122.01
2025-02-01 17:37:48.464394,LTCUSDT,SELL,122.01
2025-02-01 17:38:20.013679,BTCUSDT,SELL,102036.7
2025-02-01 17:38:20.780546,BTCUSDT,SELL,102036.7
2025-02-01 17:38:32.911527,XRPUSDT,SELL,2.9786
2025-02-01 17:38:43.957548,LINKUSDT,SELL,24.524
2025-02-01 17:38:47.967465,LTCUSDT,SELL,122.04
2025-02-01 17:38:57.483535,FILUSDT,SELL,4.652
2025-02-01 17:38:58.256431,FILUSDT,SELL,4.652
2025-02-01 17:39:19.419462,BTCUSDT,SELL,102026.5
2025-02-01 17:39:20.243954,BTCUSDT,SELL,102033.4
2025-02-01 17:39:33.411152,XRPUSDT,SELL,2.9803
2025-02-01 17:39:46.880174,LTCUSDT,BUY,122.27
2025-02-01 17:39:48.878155,LTCUSDT,SELL,122.28
2025-02-01 17:39:50.338477,BCHUSDT,BUY,422.01
2025-02-01 17:40:18.738745,BTCUSDT,SELL,102043.7
2025-02-01 17:40:19.504485,BTCUSDT,SELL,102048.6
2025-02-01 17:40:32.041787,XRPUSDT,SELL,2.9817
2025-02-01 17:40:45.502597,LTCUSDT,BUY,122.44
2025-02-01 17:40:48.975651,BCHUSDT,BUY,422.14
2025-02-01 17:40:52.190528,AVAXUSDT,BUY,33.868
2025-02-01 17:41:19.001507,BTCUSDT,SELL,102060.2
2025-02-01 17:41:19.907188,BTCUSDT,SELL,102060.2
2025-02-01 17:41:33.694635,XRPUSDT,SELL,2.9816
2025-02-01 17:41:51.869143,LTCUSDT,BUY,122.46
2025-02-01 17:43:02.262995,BTCUSDT,SELL,101998.2
2025-02-01 17:43:04.497041,BTCUSDT,SELL,101998.1
2025-02-01 17:43:26.659941,XRPUSDT,SELL,2.9782
2025-02-01 17:43:47.051066,LTCUSDT,SELL,122.41
2025-02-01 17:44:18.336362,BTCUSDT,SELL,101989.1
2025-02-01 17:44:19.123584,BTCUSDT,SELL,102000.0
2025-02-01 17:44:34.656828,XRPUSDT,SELL,2.9783
2025-02-01 17:44:53.138017,LTCUSDT,SELL,122.41
2025-02-01 17:45:37.020811,BTCUSDT,SELL,101994.4
2025-02-01 17:45:37.883841,BTCUSDT,SELL,101994.5
2025-02-01 17:45:48.597338,XRPUSDT,SELL,2.9751
2025-02-01 17:45:51.179941,XRPUSDT,SELL,2.9739
2025-02-01 17:45:51.949029,SOLUSDT,SELL,226.67
2025-02-01 17:45:55.396153,DOGEUSDT,SELL,0.32243
2025-02-01 17:46:02.964686,LINKUSDT,SELL,24.526
2025-02-01 17:46:07.443086,LTCUSDT,SELL,122.32
2025-02-01 17:46:15.817339,FILUSDT,SELL,4.646
2025-02-01 17:46:16.596152,FILUSDT,SELL,4.648
2025-02-01 17:46:17.352588,FILUSDT,SELL,4.646
2025-02-01 17:46:19.001919,XLMUSDT,SELL,0.40582
2025-02-01 17:46:22.315594,TRXUSDT,SELL,0.25362
2025-02-01 17:46:25.647842,NEARUSDT,SELL,4.46
2025-02-01 17:46:32.482563,SANDUSDT,SELL,0.51312
2025-02-01 17:46:35.531499,BTCUSDT,SELL,101880.0
2025-02-01 17:46:37.008894,BTCUSDT,SELL,101880.0
2025-02-01 17:46:37.794203,BTCUSDT,SELL,101880.0
2025-02-01 17:46:38.566992,ETHUSDT,SELL,3242.46
2025-02-01 17:46:41.496871,BNBUSDT,SELL,668.83
2025-02-01 17:46:42.193433,BNBUSDT,SELL,668.83
2025-02-01 17:46:43.056491,BNBUSDT,SELL,668.83
2025-02-01 17:46:47.873858,XRPUSDT,SELL,2.9703
2025-02-01 17:46:49.449653,XRPUSDT,SELL,2.9703
2025-02-01 17:46:50.222826,XRPUSDT,SELL,2.9697
2025-02-01 17:46:51.131336,SOLUSDT,SELL,226.43
2025-02-01 17:46:52.849700,SOLUSDT,SELL,226.39
2025-02-01 17:46:54.681434,DOGEUSDT,SELL,0.32195
